name,city,date,time,group,Mercury-Mars,Mercury-Mars Dispositorship/Reception,Mercury-Uranus,Mercury-Uranus Dispositorship/Reception,Mercury-Saturn,Mercury-Saturn Dispositorship/Reception,Mercury-Pluto,Mercury-Pluto Dispositorship/Reception,Mars-Uranus,Mars-Uranus Dispositorship/Reception,Mars-Pluto,Mars-Pluto Dispositorship/Reception,Mars-Moon,Mars-Moon Dispositorship/Reception,Mars dignity +/-,Mars 1st House Relation,Mars 2-5-10 House Relation,Saturn dignity +,Saturn 1st House Relation,Saturn 2-5-10 House Relation,Specific Signs Asc/Asc Ruler,Gemini,Sagittarius,Pisces,Aquarius,House 1-10 Connections,House 2-5 Connections,House 2-10 Connections,House 5-10 Connections,House 1-10 Count,House 2-5 Count,House 2-10 Count,House 5-10 Count,Total House Connections,Star Conjunctions,Royal Star Name,Bellatrix Star,Other Stars,"Check Asc, Sun, Moon"
"Pfaff, Jean Marie","Lebbeke, Belgium",1953-12-04,19:30,goalkeeper,,Mercury in Mars domicile,Trine (orb 0°10′),,,,Square (orb 2°38′),Mercury in Pluto domicile,Square (orb 2°05′),,Sextile (orb 4°32′),,,Moon in Mars domicile,Mars in detriment,,"Mars aspect with ruler of 5 house, Mars aspect with ruler of 10 house",,,Saturn in 5 house,"2nd house ruler in Sagittarius, 10th house cusp in Pisces, 10th house ruler in Gemini",1,1,1,0,Uranus planet of 1 house in aspect with Neptune ruler of 10 house,"Sun ruler of 2 in 5 house, Pluto ruler of 5 in 2 house, Pluto planet of 2 house in aspect with Mars ruler of 5 house, Moon planet of 5 house in aspect with Pluto planet of 2 house, Mercury planet of 5 house in aspect with Pluto planet of 2 house, Pluto planet of 2 house in aspect with Venus planet of 5 house","Pluto planet of 2 house in aspect with Jupiter ruler of 10 house, Pluto planet of 2 house in aspect with Neptune ruler of 10 house","Mars ruler of 5 in aspect with Jupiter ruler of 10, Mars ruler of 5 in aspect with Neptune ruler of 10, Pluto ruler of 5 in aspect with Jupiter ruler of 10, Pluto ruler of 5 in aspect with Neptune ruler of 10",1,6,2,4,13,"Moon (house 5, ruler of 1st house) conjunct Agena (orb 0°14′), Mercury (house 5, ruler of 4th house, 12th house) conjunct Unukalhai (orb 0°57′), Mercury (house 5, ruler of 4th house, 12th house) conjunct Agena (orb 0°46′), Venus (house 5, ruler of 11th house) conjunct Toliman (orb 0°03′), Uranus (house 1, ruler of 8th house, 9th house) conjunct Pollux (orb 0°03′)",,,"Agena, Unukalhai, Agena, Toliman, Pollux",OK
"Schmeichel, Peter","Copenhagen, Denmark",1963-11-18,12:30,goalkeeper,,,,Uranus in Mercury domicile,,,,Pluto in Mercury domicile,,,Square (orb 3°19′),,Conjunction (orb 1°50′),,,Mars aspect with ruler of 1st house,Mars in 10 house,Saturn in domicile,Saturn ruler of 1st house,Saturn aspect with ruler of 2 house,"1st house ruler in Aquarius, 2nd house ruler in Sagittarius, 5th house cusp in Gemini, 5th house ruler in Sagittarius, 10th house cusp in Sagittarius",1,3,0,1,"Moon planet of 10 house in aspect with Saturn ruler of 1 house, Venus planet of 10 house in aspect with Saturn ruler of 1 house, Mars planet of 10 house in aspect with Saturn ruler of 1 house, Moon planet of 10 house in aspect with Saturn planet of 1 house, Mars planet of 10 house in aspect with Saturn planet of 1 house, Saturn planet of 1 house in aspect with Venus planet of 10 house",,"Mars ruler of 2 in 10 house, Jupiter ruler of 10 in 2 house, Moon planet of 10 house in aspect with Mars ruler of 2 house, Venus planet of 10 house in aspect with Mars ruler of 2 house",,6,0,4,0,10,,,,,OK
"Kahn, Oliver","Karlsruhe, Germany",1969-06-15,08:30,goalkeeper,Opposition (orb 0°58′),,Trine (orb 4°20′),Uranus in Mercury domicile,,,,Pluto in Mercury domicile,Sextile (orb 5°19′),,,,,,,,"Mars aspect with ruler of 2 house, Mars in 5 house",,,Saturn in 10 house,"1st house ruler in Gemini, 2nd house ruler in Gemini, 5th house cusp in Sagittarius, 10th house ruler in Sagittarius",2,2,0,0,,"Mars planet of 5 house in aspect with Mercury ruler of 2 house, Pluto planet of 2 house in aspect with Jupiter ruler of 5 house","Mercury ruler of 2 in aspect with Mars ruler of 10, Mercury ruler of 2 in 10 house","Mars ruler of 10 in 5 house, Mars planet of 5 house in aspect with Mercury planet of 10 house",0,2,2,2,6,"Moon (house 11, ruler of 12th house) conjunct Betelgeuse (orb 0°29′)",,,Betelgeuse,OK
"Barthez, Fabien","Lavelanet, France",1971-06-28,10:00,goalkeeper,,,Square (orb 4°53′),,,Saturn in Mercury domicile,,Pluto in Mercury domicile,,Mars in Uranus domicile,,,,,,,Mars aspect with ruler of 10 house,,,Saturn in 10 house,"5th house ruler in Gemini, 10th house ruler in Gemini",2,0,0,0,,Pluto planet of 2 house in aspect with Saturn ruler of 5 house,Pluto planet of 2 house in aspect with Saturn planet of 10 house,Saturn ruler of 5 in 10 house,0,1,1,1,3,"Mercury (house 11, ruler of 1st house, 2th house) conjunct Sirius (orb 0°41′), Mercury (house 11, ruler of 1st house, 2th house) conjunct Canopus (orb 0°11′), Venus (house 10, ruler of 3th house, 10th house) conjunct Bellatrix (orb 0°58′)",,Bellatrix,"Sirius, Canopus",OK
"Buffon, Gianluigi","Carrara, Italy",1978-01-28,08:30,goalkeeper,,,Sextile (orb 2°50′),,,Mercury in Saturn domicile,Square (orb 2°20′),,,Uranus in Mars domicile,,,Sextile (orb 5°51′),Mars in Moon domicile,Mars in fall,,Mars aspect with ruler of 5 house,,Saturn ruler of 1st house,Saturn aspect with ruler of 10 house,"1st house cusp in Aquarius, 10th house cusp in Sagittarius, 10th house ruler in Gemini",1,1,0,1,Saturn ruler of 1 in aspect with Jupiter ruler of 10,Mars ruler of 2 in aspect with Moon ruler of 5,,"Moon ruler of 5 in aspect with Jupiter ruler of 10, Neptune planet of 10 house in aspect with Moon ruler of 5 house",1,1,0,2,4,"Saturn (house 7, ruler of 1st house, 11th house, 12th house) conjunct Regulus (orb 0°55′)",Regulus,,,OK
"Casillas, Iker","Madrid, Spain",1981-05-20,14:45,goalkeeper,,,,,,,Trine (orb 1°14′),,,Uranus in Mars domicile,,,,,Mars in detriment,,,Saturn in exaltation,,,"1st house ruler in Gemini, 2nd house ruler in Gemini, 10th house cusp in Gemini, 10th house ruler in Gemini",4,0,0,0,"Mercury, ruler of both 1 and 10, Mercury ruler of both 1 and 10 located in 10 house",,"Venus ruler of 2 in 10 house, Pluto planet of 2 house in aspect with Mercury ruler of 10 house, Mercury planet of 10 house in aspect with Pluto planet of 2 house",,2,0,3,0,5,"Mercury (house 10, ruler of 1st house, 10th house) conjunct Bellatrix (orb 0°06′), Mercury (house 10, ruler of 1st house, 10th house) conjunct Capella (orb 0°49′)",,Bellatrix,Capella,OK
"Courtois, Thibaut","Bree, Belgium",1992-05-11,13:15,goalkeeper,,,,,,,,,,,,Pluto in Mars domicile,,,Mars in domicile,,,Saturn in domicile,Saturn aspect with ruler of 1st house,,5th house cusp in Sagittarius,0,1,0,0,"Sun ruler of 1 in 10 house, Moon planet of 1 house in aspect with Venus ruler of 10 house",Mercury ruler of 2 in aspect with Jupiter ruler of 5,,"Uranus planet of 5 house in aspect with Venus ruler of 10 house, Sun planet of 10 house in aspect with Uranus planet of 5 house, Neptune planet of 5 house in aspect with Sun planet of 10 house",2,1,0,3,6,"Pluto (house 4, ruler of 4th house) conjunct Unukalhai (orb 0°23′)",,,Unukalhai,OK
"Zoff, Dino","Mariano del Friuli, Italy",1942-02-28,04:30,goalkeeper,,,,Mercury in Uranus domicile,,Mercury in Saturn domicile,,,Conjunction (orb 0°50′),,,,,,Mars in detriment,Mars aspect with ruler of 1st house,"Mars aspect with ruler of 2 house, Mars in 5 house",,Saturn ruler of 1st house,"Saturn aspect with ruler of 2 house, Saturn aspect with ruler of 10 house","2nd house cusp in Aquarius, 5th house ruler in Aquarius",0,0,0,2,"Saturn ruler of 1 in aspect with Mars ruler of 10, Venus planet of 1 house in aspect with Pluto ruler of 10 house","Uranus ruler of 2 in 5 house, Mars planet of 5 house in aspect with Saturn ruler of 2 house, Mars planet of 5 house in aspect with Uranus ruler of 2 house, Uranus planet of 5 house in aspect with Saturn ruler of 2 house, Jupiter planet of 5 house in aspect with Sun planet of 2 house","Saturn ruler of 2 in aspect with Mars ruler of 10, Uranus ruler of 2 in aspect with Mars ruler of 10","Venus ruler of 5 in aspect with Pluto ruler of 10, Mars ruler of 10 in 5 house, Uranus planet of 5 house in aspect with Mars ruler of 10 house",2,5,2,3,12,"Mars (house 5, ruler of 10th house, 11th house) conjunct Algol (orb 0°25′)",,,Algol,OK
"Maier, Sepp","Metten, Germany",1944-02-28,19:37,goalkeeper,,Mars in Mercury domicile,,"Mercury in Uranus domicile, Uranus in Mercury domicile",Trine (orb 4°40′),"Mercury in Saturn domicile, Saturn in Mercury domicile",,,,,,,,,,,Mars aspect with ruler of 5 house,,Saturn aspect with ruler of 1st house,Saturn aspect with ruler of 10 house,"1st house ruler in Aquarius, 2nd house ruler in Aquarius, 5th house cusp in Aquarius, 5th house ruler in Gemini, 10th house cusp in Gemini, 10th house ruler in Aquarius",2,0,0,4,"Mercury, ruler of both 1 and 10","Venus ruler of 2 in aspect with Uranus ruler of 5, Venus ruler of 2 in 5 house",,"Saturn ruler of 5 in aspect with Mercury ruler of 10, Mercury ruler of 10 in 5 house",1,2,0,2,5,"Mars (house 9, ruler of 3th house, 8th house) conjunct Rigel (orb 0°47′), Saturn (house 9, ruler of 5th house) conjunct Bellatrix (orb 0°25′)",,Bellatrix,Rigel,OK
"Carbajal, Antonio","Mexico City, Mexico",1929-06-07,13:00,goalkeeper,Sextile (orb 4°40′),,,,,,,,Trine (orb 3°37′),Uranus in Mars domicile,,,Sextile (orb 5°08′),,,Mars aspect with ruler of 1st house,Mars aspect with ruler of 10 house,,,Saturn aspect with ruler of 2 house,"1st house ruler in Gemini, 5th house ruler in Sagittarius, 10th house cusp in Gemini, 10th house ruler in Gemini",3,1,0,0,"Mercury, ruler of both 1 and 10",Venus ruler of 2 in aspect with Saturn ruler of 5,,,1,1,0,0,2,"Sun (house 9, ruler of 12th house) conjunct Rigel (orb 0°41′), Moon (house 9, ruler of 11th house) conjunct Bellatrix (orb 0°27′), Mercury (house 9, ruler of 1st house, 10th house) conjunct Bellatrix (orb 0°55′), Mars (house 11, ruler of 3th house, 8th house) conjunct Dubhe (orb 0°11′), Neptune (house 12, ruler of 7th house) conjunct Regulus (orb 0°02′)",Regulus,"Bellatrix, Bellatrix","Rigel, Dubhe",OK
"Peruzzi, Angelo","Viterbo, Italy",1970-02-16,12:00,goalkeeper,,,Trine (orb 4°28′),Mercury in Uranus domicile,Square (orb 0°02′),Mercury in Saturn domicile,,Pluto in Mercury domicile,,,,,,,Mars in domicile,,,,Saturn aspect with ruler of 1st house,"Saturn aspect with ruler of 2 house, Saturn aspect with ruler of 5 house","1st house cusp in Gemini, 1st house ruler in Aquarius, 5th house ruler in Aquarius, 10th house cusp in Aquarius",1,0,0,3,"Mercury ruler of 1 in aspect with Saturn ruler of 10, Mercury ruler of 1 in aspect with Uranus ruler of 10, Moon planet of 1 house in aspect with Saturn ruler of 10 house, Moon planet of 1 house in aspect with Uranus ruler of 10 house, Moon planet of 1 house in aspect with Venus planet of 10 house",Uranus planet of 5 house in aspect with Moon ruler of 2 house,"Moon ruler of 2 in aspect with Saturn ruler of 10, Moon ruler of 2 in aspect with Uranus ruler of 10, Venus planet of 10 house in aspect with Moon ruler of 2 house","Mercury ruler of 5 in aspect with Saturn ruler of 10, Mercury ruler of 5 in aspect with Uranus ruler of 10, Uranus ruler of 10 in 5 house",5,1,3,3,12,"Venus (house 10, ruler of 12th house) conjunct Fomalhaut (orb 0°37′)",Fomalhaut,,,OK
"Pagliuca, Gianluca","Bologna, Italy",1966-12-18,11:15,goalkeeper,Sextile (orb 2°01′),,,Uranus in Mercury domicile,,,,Pluto in Mercury domicile,,,,,,,Mars in detriment,,Mars aspect with ruler of 10 house,,"Saturn ruler of 1st house, Saturn aspect with ruler of 1st house",,"1st house cusp in Aquarius, 1st house ruler in Pisces, 5th house ruler in Pisces, 10th house cusp in Sagittarius",0,1,2,1,"Sun planet of 10 house in aspect with Saturn ruler of 1 house, Sun planet of 10 house in aspect with Uranus ruler of 1 house, Saturn planet of 1 house in aspect with Sun planet of 10 house",,Mars ruler of 2 in aspect with Jupiter ruler of 10,,3,0,1,0,4,"Mercury (house 9, ruler of 4th house) conjunct Antares (orb 0°14′), Neptune (house 9, ruler of none) conjunct Agena (orb 0°12′)",Antares,,Agena,OK
"Abbiati, Christian","Abbiategrasso, Italy",1977-07-08,00:40,goalkeeper,Sextile (orb 1°44′),,,,,,,,,Uranus in Mars domicile,,,,"Moon in Mars domicile, Mars in Moon exaltation",Mars in detriment,Mars ruler of 1st house,Mars in 2 house,,,"Saturn in 5 house, Saturn aspect with ruler of 5 house",2nd house ruler in Gemini,1,0,0,0,Moon planet of 1 house in aspect with Saturn ruler of 10 house,,,"Moon ruler of 5 in aspect with Saturn ruler of 10, Saturn ruler of 10 in 5 house",1,0,0,2,3,"Mercury (house 4, ruler of 3th house) conjunct Procyon (orb 0°34′), Jupiter (house 3, ruler of 9th house) conjunct Bellatrix (orb 0°41′), Jupiter (house 3, ruler of 9th house) conjunct Capella (orb 0°14′)",,Bellatrix,"Procyon, Capella",OK
"Toldo, Francesco","Padua, Italy",1971-12-02,20:50,goalkeeper,,,,,,Saturn in Mercury domicile,Square (orb 3°29′),,,,,,Square (orb 1°47′),,,Mars aspect with ruler of 1st house,Mars aspect with ruler of 2 house,,,Saturn aspect with ruler of 5 house,"1st house ruler in Sagittarius, 2nd house ruler in Sagittarius, 5th house ruler in Pisces, 10th house ruler in Pisces",0,2,2,0,Sun ruler of 1 in aspect with Mars ruler of 10,"Sun ruler of 2 in aspect with Mars ruler of 5, Sun ruler of 2 in 5 house, Jupiter planet of 5 house in aspect with Sun ruler of 2 house",Sun ruler of 2 in aspect with Mars ruler of 10,"Mars, ruler of both 5 and 10, Sun planet of 5 house in aspect with Mars ruler of 10 house, Jupiter planet of 5 house in aspect with Mars ruler of 10 house",1,3,1,3,8,"Sun (house 5, ruler of 1st house, 2th house) conjunct Antares (orb 0°37′), Moon (house 11, ruler of 12th house) conjunct Rigel (orb 0°21′), Mars (house 8, ruler of 5th house, 10th house) conjunct Achernar (orb 0°06′)",Antares,,"Rigel, Achernar",OK
"Frey, Sébastien","Thonon les Bains, France",1980-03-18,21:00,goalkeeper,,,,,,Saturn in Mercury domicile,,,Square (orb 2°38′),Uranus in Mars domicile,,,Trine (orb 0°41′),Moon in Mars domicile,,,"Mars aspect with ruler of 5 house, Mars in 10 house",,,"Saturn aspect with ruler of 5 house, Saturn aspect with ruler of 10 house","5th house cusp in Pisces, 5th house ruler in Sagittarius, 10th house ruler in Pisces",0,1,2,0,,"Mars ruler of 2 in aspect with Jupiter ruler of 5, Mars ruler of 2 in aspect with Neptune ruler of 5, Pluto ruler of 2 in aspect with Neptune ruler of 5, Neptune ruler of 5 in 2 house, Sun planet of 5 house in aspect with Uranus planet of 2 house, Neptune planet of 2 house in aspect with Sun planet of 5 house","Mars ruler of 2 in 10 house, Jupiter planet of 10 house in aspect with Mars ruler of 2 house, Uranus planet of 2 house in aspect with Sun ruler of 10 house, Neptune planet of 2 house in aspect with Sun ruler of 10 house, Mars planet of 10 house in aspect with Uranus planet of 2 house, Mars planet of 10 house in aspect with Neptune planet of 2 house","Neptune ruler of 5 in aspect with Sun ruler of 10, Jupiter ruler of 5 in 10 house, Sun ruler of 10 in 5 house, Mars planet of 10 house in aspect with Jupiter ruler of 5 house, Mars planet of 10 house in aspect with Neptune ruler of 5 house, Jupiter planet of 10 house in aspect with Mercury planet of 5 house",0,6,6,6,18,,,,,OK
"Pelizzoli, Ivan","Bergamo, Italy",1980-11-18,16:30,goalkeeper,,Mercury in Mars domicile,,,,,,Mercury in Pluto domicile,,Uranus in Mars domicile,Sextile (orb 4°23′),,,Moon in Mars domicile,,Mars aspect with ruler of 1st house,,Saturn in exaltation,,,2nd house cusp in Gemini,1,0,0,0,,,,,0,0,0,0,0,"Venus (house 6, ruler of 1st house, 6th house) conjunct Spica (orb 0°14′), Venus (house 6, ruler of 1st house, 6th house) conjunct Arcturus (orb 0°37′), Pluto (house 6, ruler of 7th house) conjunct Spica (orb 0°33′), Pluto (house 6, ruler of 7th house) conjunct Arcturus (orb 0°56′)",,,"Spica, Arcturus, Spica, Arcturus",OK
"Lloris, Hugo","Nice, France",1986-12-26,16:15,goalkeeper,Square (orb 3°50′),,Conjunction (orb 1°34′),,,,,,Square (orb 2°16′),,,Pluto in Mars domicile,,Moon in Mars domicile,,Mars aspect with ruler of 1st house,"Mars aspect with ruler of 5 house, Mars in 10 house, Mars aspect with ruler of 10 house",,,,"1st house cusp in Gemini, 1st house ruler in Sagittarius, 10th house cusp in Aquarius, 10th house ruler in Sagittarius",1,2,0,1,"Mercury ruler of 1 in aspect with Uranus ruler of 10, Mars planet of 10 house in aspect with Mercury ruler of 1 house",Moon ruler of 2 in 5 house,,"Mars planet of 10 house in aspect with Venus ruler of 5 house, Jupiter planet of 10 house in aspect with Venus ruler of 5 house",2,1,0,2,5,,,,,OK
"Domingo, Marcel","Arles, France",1924-01-15,16:00,goalkeeper,,,Sextile (orb 3°44′),,,Mercury in Saturn domicile,,,,,,Mars in Pluto domicile,,,Mars in domicile,,"Mars aspect with ruler of 2 house, Mars in 5 house",,,,"10th house cusp in Pisces, 10th house ruler in Sagittarius",0,1,1,0,,"Sun ruler of 2 in aspect with Mars ruler of 5, Mars planet of 5 house in aspect with Sun ruler of 2 house",Neptune ruler of 10 in 2 house,Jupiter ruler of 10 in 5 house,0,2,1,1,4,"Uranus (house 9, ruler of 8th house) conjunct Achernar (orb 0°33′)",,,Achernar,OK
"Santiago, Jordan","Calgary, Alberta",1991-04-03,12:32,goalkeeper,Sextile (orb 1°26′),Mercury in Mars domicile,,,,,,,,,,Pluto in Mars domicile,,Mars in Moon domicile,Mars in fall,,,Saturn in domicile,,,,0,0,0,0,Sun ruler of 1 in 10 house,,Sun ruler of 2 in 10 house,"Mars, ruler of both 5 and 10, Mercury planet of 10 house in aspect with Mars ruler of 5 house, Venus planet of 10 house in aspect with Pluto ruler of 5 house",1,0,1,3,5,,,,,OK
"Rost, Frank","Chemnitz, Germany",1973-06-30,15:20,goalkeeper,Trine (orb 4°23′),,,,,Saturn in Mercury domicile,Sextile (orb 0°08′),,,,Opposition (orb 4°31′),,Square (orb 3°56′),,Mars in domicile,"Mars ruler of 1st house, Mars aspect with ruler of 1st house","Mars aspect with ruler of 2 house, Mars in 5 house, Mars aspect with ruler of 5 house, Mars aspect with ruler of 10 house",,Saturn aspect with ruler of 1st house,,"2nd house cusp in Sagittarius, 2nd house ruler in Aquarius, 5th house cusp in Pisces, 5th house ruler in Aquarius, 5th house ruler in Sagittarius",0,2,1,2,Mars ruler of 1 in aspect with Sun ruler of 10,"Jupiter, ruler of both 2 and 5, Jupiter ruler of 2 in aspect with Neptune ruler of 5, Mars planet of 5 house in aspect with Jupiter ruler of 2 house",,Mars planet of 5 house in aspect with Sun ruler of 10 house,1,3,0,1,5,,,,,OK
"Mayorga, Roger","Managua, Nicaragua",1946-07-10,22:00,goalkeeper,,Mars in Mercury domicile,Sextile (orb 5°55′),Uranus in Mercury domicile,,,Conjunction (orb 2°47′),,,,,,Square (orb 0°32′),,,,Mars aspect with ruler of 5 house,,,Saturn in 5 house,"1st house cusp in Pisces, 5th house ruler in Sagittarius, 10th house cusp in Sagittarius",0,2,1,0,"Jupiter, ruler of both 1 and 10",Mars ruler of 2 in aspect with Moon ruler of 5,,"Moon ruler of 5 in aspect with Jupiter ruler of 10, Mercury planet of 5 house in aspect with Jupiter ruler of 10 house",1,1,0,2,4,"Mercury (house 5, ruler of 4th house, 7th house) conjunct Dubhe (orb 0°57′), Venus (house 6, ruler of 3th house, 8th house) conjunct Alphard (orb 0°25′), Uranus (house 3, ruler of 12th house) conjunct Bellatrix (orb 0°47′)",,Bellatrix,"Dubhe, Alphard",OK
"Ferretti, Emerson","Porto Alegre, Brazil",1971-09-03,16:25,goalkeeper,,,,,,Saturn in Mercury domicile,,"Pluto in Mercury domicile, Mercury in Pluto exaltation",Trine (orb 0°14′),Mars in Uranus domicile,,,,,,Mars aspect with ruler of 1st house,,,"Saturn ruler of 1st house, Saturn aspect with ruler of 1st house","Saturn aspect with ruler of 2 house, Saturn aspect with ruler of 10 house","1st house cusp in Aquarius, 1st house ruler in Gemini, 2nd house cusp in Pisces, 2nd house ruler in Sagittarius, 5th house cusp in Gemini, 10th house ruler in Aquarius",2,1,1,2,"Saturn ruler of 1 in aspect with Mars ruler of 10, Uranus ruler of 1 in aspect with Mars ruler of 10, Neptune planet of 10 house in aspect with Saturn ruler of 1 house","Jupiter ruler of 2 in aspect with Mercury ruler of 5, Neptune ruler of 2 in aspect with Mercury ruler of 5","Jupiter ruler of 2 in aspect with Pluto ruler of 10, Neptune ruler of 2 in aspect with Pluto ruler of 10, Jupiter ruler of 2 in 10 house, Neptune ruler of 2 in 10 house, Jupiter planet of 10 house in aspect with Neptune ruler of 2 house, Neptune planet of 10 house in aspect with Jupiter ruler of 2 house","Jupiter planet of 10 house in aspect with Mercury ruler of 5 house, Neptune planet of 10 house in aspect with Mercury ruler of 5 house",3,2,6,2,13,"Mercury (house 7, ruler of 5th house, 8th house) conjunct Alphard (orb 0°38′), Jupiter (house 10, ruler of 2th house, 11th house) conjunct Toliman (orb 0°05′)",,,"Alphard, Toliman",OK
"Bernard, Pierre","Boissezon, France",1932-01-27,01:00,goalkeeper,,"Mercury in Mars exaltation, Mars in Mercury exaltation",Square (orb 0°34′),,,Mercury in Saturn domicile,Opposition (orb 4°18′),,,"Mars in Uranus domicile, Uranus in Mars domicile",,,,,,Mars ruler of 1st house,Mars aspect with ruler of 10 house,Saturn in domicile,,,"1st house ruler in Aquarius, 2nd house cusp in Sagittarius, 5th house cusp in Pisces, 10th house ruler in Aquarius",0,1,1,2,"Mars ruler of 1 in aspect with Sun ruler of 10, Moon planet of 10 house in aspect with Pluto ruler of 1 house","Jupiter, ruler of both 2 and 5, Uranus planet of 5 house in aspect with Jupiter ruler of 2 house",,Neptune ruler of 5 in 10 house,2,2,0,1,5,,,,,OK
"Ettori, Jean-Luc","Marseille, France",1955-07-29,07:00,goalkeeper,,,Conjunction (orb 1°31′),,,,,,,,,,,,,,Mars aspect with ruler of 5 house,,,Saturn aspect with ruler of 5 house,5th house cusp in Sagittarius,0,1,0,0,,,Mercury ruler of 2 in aspect with Venus ruler of 10,,0,0,1,0,1,"Venus (house 12, ruler of 3th house, 10th house) conjunct Procyon (orb 0°51′), Pluto (house 1, ruler of 4th house) conjunct Alphard (orb 0°53′)",,,"Procyon, Alphard",OK
"Landreau, Mickaël","Machecoul, France",1979-05-14,18:10,goalkeeper,,,,,Trine (orb 0°29′),Saturn in Mercury domicile,,,,Uranus in Mars domicile,,,Trine (orb 2°31′),,Mars in domicile,Mars aspect with ruler of 1st house,Mars aspect with ruler of 10 house,,,,"5th house cusp in Aquarius, 10th house ruler in Sagittarius",0,1,0,1,Venus ruler of 1 in aspect with Moon ruler of 10,Uranus ruler of 5 in 2 house,"Mars ruler of 2 in aspect with Moon ruler of 10, Jupiter planet of 10 house in aspect with Mars ruler of 2 house",,1,1,2,0,4,,,,,OK
"Mancini, Francesco","Matera, Italy",1968-10-10,02:35,goalkeeper,,Mars in Mercury domicile,,,Opposition (orb 5°59′),,,Pluto in Mercury domicile,,,,,,,,,,,Saturn aspect with ruler of 1st house,"Saturn aspect with ruler of 2 house, Saturn aspect with ruler of 10 house",10th house cusp in Gemini,1,0,0,0,"Mercury, ruler of both 1 and 10","Mercury ruler of 2 in aspect with Saturn ruler of 5, Sun planet of 2 house in aspect with Saturn ruler of 5 house","Mercury, ruler of both 2 and 10",Saturn ruler of 5 in aspect with Mercury ruler of 10,1,2,1,1,5,,,,,OK
"Taglialatela, Giuseppe","Ischia, Italy",1969-01-02,20:00,goalkeeper,Square (orb 4°51′),,,,,Mercury in Saturn domicile,Trine (orb 2°15′),Pluto in Mercury domicile,,,,Mars in Pluto domicile,Trine (orb 0°39′),,Mars in domicile,,"Mars aspect with ruler of 2 house, Mars aspect with ruler of 10 house",,,,"5th house cusp in Sagittarius, 10th house ruler in Aquarius",0,1,0,1,,"Jupiter ruler of 5 in 2 house, Uranus planet of 2 house in aspect with Jupiter ruler of 5 house",,,0,2,0,0,2,,,,,OK
"Cappone, Lionel","Marignane, France",1979-02-08,05:00,goalkeeper,Conjunction (orb 3°30′),,Square (orb 2°54′),Mercury in Uranus domicile,,"Mercury in Saturn domicile, Saturn in Mercury domicile",Trine (orb 1°10′),,,"Mars in Uranus domicile, Uranus in Mars domicile",Trine (orb 4°40′),,,,,,Mars in 2 house,,,,"1st house cusp in Sagittarius, 2nd house cusp in Aquarius",0,1,0,1,Venus ruler of 10 in 1 house,,,"Venus, ruler of both 5 and 10",1,0,0,1,2,"Uranus (house 11, ruler of 2th house) conjunct Unukalhai (orb 0°54′)",,,Unukalhai,OK
"Gill, Thomas","Oslo, Norway",1965-05-16,22:15,goalkeeper,,Mars in Mercury domicile,,Uranus in Mercury domicile,,,,Pluto in Mercury domicile,Conjunction (orb 1°59′),,Conjunction (orb 1°01′),,Square (orb 1°27′),,,,Mars aspect with ruler of 2 house,,,,"1st house cusp in Sagittarius, 1st house ruler in Gemini, 2nd house ruler in Pisces, 5th house ruler in Gemini, 10th house ruler in Gemini",3,1,1,0,Jupiter ruler of 1 in aspect with Venus ruler of 10,,,"Venus, ruler of both 5 and 10",1,0,0,1,2,"Sun (house 6, ruler of 9th house) conjunct Algol (orb 0°03′), Saturn (house 3, ruler of 2th house, 3th house) conjunct Achernar (orb 0°58′)",,,"Algol, Achernar",OK
"Konsel, Michael","Wien, Austria",1962-03-06,19:00,goalkeeper,,,,Mercury in Uranus domicile,,"Mercury in Saturn domicile, Saturn in Mercury exaltation",,Pluto in Mercury domicile,Opposition (orb 2°08′),Mars in Uranus domicile,,,,,,,"Mars in 5 house, Mars aspect with ruler of 5 house",Saturn in domicile,,Saturn in 5 house,"1st house ruler in Pisces, 2nd house ruler in Pisces, 5th house cusp in Aquarius, 5th house ruler in Aquarius, 10th house ruler in Pisces",0,0,3,2,Venus ruler of 1 in aspect with Moon ruler of 10,Mercury planet of 5 house in aspect with Neptune planet of 2 house,Venus ruler of 2 in aspect with Moon ruler of 10,,1,1,1,0,3,"Sun (house 6, ruler of 11th house) conjunct Achernar (orb 0°56′)",,,Achernar,OK
"Kopa, Raymond","Noeux les Mines, France",1931-10-13,09:00,outfield player,,,Opposition (orb 2°06′),,Square (orb 1°49′),,,,,"Uranus in Mars domicile, Mars in Uranus exaltation",Trine (orb 4°19′),Mars in Pluto domicile,Conjunction (orb 3°01′),Moon in Mars domicile,Mars in domicile,"Mars ruler of 1st house, Mars aspect with ruler of 1st house",Mars aspect with ruler of 2 house,Saturn in domicile,Saturn aspect with ruler of 1st house,"Saturn in 2 house, Saturn aspect with ruler of 5 house, Saturn aspect with ruler of 10 house",2nd house cusp in Sagittarius,0,1,0,0,,"Jupiter ruler of 2 in aspect with Mars ruler of 5, Saturn planet of 2 house in aspect with Mars ruler of 5 house, Uranus planet of 5 house in aspect with Jupiter ruler of 2 house, Saturn planet of 2 house in aspect with Uranus planet of 5 house","Jupiter ruler of 2 in aspect with Mercury ruler of 10, Saturn planet of 2 house in aspect with Mercury ruler of 10 house",Uranus planet of 5 house in aspect with Mercury ruler of 10 house,0,4,2,1,7,"Pluto (house 8, ruler of 1st house, 12th house) conjunct Pollux (orb 0°08′)",,,Pollux,OK
"Sivori, Omar","San Nicolás (Buenos Aires), Argentina",1935-10-02,09:30,outfield player,,Mercury in Mars domicile,Opposition (orb 2°23′),,Trine (orb 2°29′),,Square (orb 4°51′),Mercury in Pluto domicile,,,,,,,,,,,,Saturn aspect with ruler of 10 house,"1st house cusp in Sagittarius, 2nd house ruler in Pisces, 5th house ruler in Sagittarius",0,2,1,0,,Uranus planet of 5 house in aspect with Saturn ruler of 2 house,"Saturn ruler of 2 in aspect with Mercury ruler of 10, Venus planet of 10 house in aspect with Saturn ruler of 2 house","Venus planet of 10 house in aspect with Mars ruler of 5 house, Uranus planet of 5 house in aspect with Mercury ruler of 10 house, Neptune planet of 10 house in aspect with Mars ruler of 5 house, Uranus planet of 5 house in aspect with Venus planet of 10 house",0,1,2,4,7,"Jupiter (house 12, ruler of 1st house, 4th house) conjunct Agena (orb 0°38′)",,,Agena,OK
"Law, Denis","Aberdeen, Scotland (UK)",1940-02-24,22:50,outfield player,,,Sextile (orb 4°18′),,,,,,,,Square (orb 4°15′),,,,Mars in detriment,,"Mars aspect with ruler of 2 house, Mars aspect with ruler of 10 house",,,Saturn aspect with ruler of 2 house,"5th house cusp in Pisces, 10th house ruler in Pisces",0,0,2,0,,,Mars ruler of 2 in aspect with Sun ruler of 10,,0,0,1,0,1,,,,,OK
"Rivera, Gianni","Alessandria, Italy",1943-08-18,12:45,outfield player,,,,Uranus in Mercury domicile,Square (orb 4°33′),Saturn in Mercury domicile,,,,,,,Sextile (orb 4°32′),"Moon in Mars domicile, Mars in Moon exaltation",Mars in detriment,Mars ruler of 1st house,"Mars aspect with ruler of 5 house, Mars aspect with ruler of 10 house",,,Saturn aspect with ruler of 10 house,"2nd house cusp in Sagittarius, 5th house cusp in Pisces",0,1,1,0,"Mars ruler of 1 in aspect with Sun ruler of 10, Sun planet of 10 house in aspect with Mars ruler of 1 house","Jupiter, ruler of both 2 and 5",,,2,1,0,0,3,"Uranus (house 8, ruler of 4th house) conjunct Aldebaran (orb 0°28′)",Aldebaran,,,OK
"Müller, Gerd","Nördlingen, Germany",1945-11-03,01:00,outfield player,Trine (orb 1°19′),Mercury in Mars domicile,,"Uranus in Mercury domicile, Mercury in Uranus exaltation",Trine (orb 3°46′),,,Mercury in Pluto domicile,,,,,,Mars in Moon domicile,Mars in fall,Mars aspect with ruler of 1st house,"Mars aspect with ruler of 2 house, Mars aspect with ruler of 5 house",,Saturn aspect with ruler of 1st house,Saturn aspect with ruler of 2 house,,0,0,0,0,,Mercury ruler of 2 in aspect with Saturn ruler of 5,"Venus ruler of 10 in 2 house, Moon planet of 2 house in aspect with Venus ruler of 10 house, Jupiter planet of 2 house in aspect with Venus ruler of 10 house, Moon planet of 2 house in aspect with Uranus planet of 10 house, Jupiter planet of 2 house in aspect with Uranus planet of 10 house, Uranus planet of 10 house in aspect with Venus planet of 2 house",,0,1,6,0,7,"Sun (house 3, ruler of 12th house) conjunct Acrux (orb 0°54′), Mercury (house 4, ruler of 1st house, 2th house) conjunct Toliman (orb 0°08′), Saturn (house 11, ruler of 5th house, 6th house) conjunct Procyon (orb 0°09′), Uranus (house 10, ruler of 6th house) conjunct Rigel (orb 0°42′)",,,"Acrux, Toliman, Procyon, Rigel",OK
"Cruyff, Johan","Amsterdam, Netherlands",1947-04-25,13:10,outfield player,Conjunction (orb 3°48′),Mercury in Mars domicile,Sextile (orb 4°56′),Uranus in Mercury domicile,,,Trine (orb 3°18′),,,,Trine (orb 0°30′),,,,Mars in domicile,,Mars aspect with ruler of 2 house,,Saturn aspect with ruler of 1st house,Saturn aspect with ruler of 10 house,5th house cusp in Sagittarius,0,1,0,0,,,Uranus planet of 10 house in aspect with Mercury ruler of 2 house,Jupiter ruler of 5 in aspect with Venus ruler of 10,0,0,1,1,2,"Uranus (house 10, ruler of 7th house) conjunct Bellatrix (orb 0°59′)",,Bellatrix,,OK
"Beckenbauer, Franz","München, Germany",1945-09-11,23:45,outfield player,Sextile (orb 0°04′),,,Uranus in Mercury domicile,,,,,,,,,,"Mars in Moon domicile, Moon in Mars domicile",Mars in fall,Mars aspect with ruler of 1st house,Mars aspect with ruler of 5 house,,,"Saturn in 2 house, Saturn aspect with ruler of 2 house","1st house cusp in Gemini, 10th house cusp in Aquarius, 10th house ruler in Gemini",2,0,0,1,,,"Moon ruler of 2 in aspect with Saturn ruler of 10, Saturn ruler of 10 in 2 house",,0,0,2,0,2,"Venus (house 3, ruler of 12th house) conjunct Dubhe (orb 0°13′), Saturn (house 2, ruler of 8th house, 9th house, 10th house) conjunct Pollux (orb 0°15′)",,,"Dubhe, Pollux",OK
"Rossi, Paolo","Prato, Italy",1956-09-23,15:00,outfield player,,,Sextile (orb 0°46′),,,,,,,,,,Sextile (orb 3°32′),,,,"Mars in 2 house, Mars aspect with ruler of 2 house",,Saturn ruler of 1st house,"Saturn in 10 house, Saturn aspect with ruler of 10 house","2nd house cusp in Pisces, 5th house cusp in Gemini, 10th house ruler in Pisces",1,0,2,0,"Saturn ruler of 1 in aspect with Pluto ruler of 10, Saturn ruler of 1 in 10 house",,"Jupiter ruler of 2 in aspect with Mars ruler of 10, Neptune ruler of 2 in aspect with Pluto ruler of 10, Mars ruler of 10 in 2 house",,2,0,3,0,5,"Mars (house 2, ruler of 3th house, 10th house) conjunct Achernar (orb 0°16′), Saturn (house 10, ruler of 1st house) conjunct Toliman (orb 0°27′), Pluto (house 7, ruler of 10th house) conjunct Regulus (orb 0°06′)",Regulus,,"Achernar, Toliman",OK
"Platini, Michel","Joeuf, France",1955-06-21,09:00,outfield player,,,,,,,Sextile (orb 3°04′),,,,,,Conjunction (orb 1°37′),Mars in Moon domicile,Mars in fall,,,,,,"1st house ruler in Gemini, 2nd house ruler in Gemini, 5th house cusp in Sagittarius, 10th house ruler in Gemini",3,1,0,0,,,,,0,0,0,0,0,"Mercury (house 11, ruler of 2th house, 11th house) conjunct Capella (orb 0°29′), Venus (house 10, ruler of 3th house, 10th house) conjunct Aldebaran (orb 0°31′)",Aldebaran,,Capella,OK
"Gullit, Ruud","Amsterdam, Netherlands",1962-09-01,14:40,outfield player,Square (orb 2°34′),,,Uranus in Mercury domicile,Trine (orb 2°02′),"Mercury in Saturn exaltation, Saturn in Mercury exaltation",,Pluto in Mercury domicile,Sextile (orb 5°01′),,Sextile (orb 3°25′),,Square (orb 1°10′),Mars in Moon domicile,Mars in fall,Mars aspect with ruler of 1st house,,Saturn in domicile,,Saturn in 2 house,"1st house cusp in Sagittarius, 1st house ruler in Pisces, 2nd house ruler in Aquarius",0,1,1,1,,,,"Venus, ruler of both 5 and 10, Venus ruler of both 5 and 10 located in 10 house",0,0,0,2,2,"Neptune (house 11, ruler of 3th house) conjunct Acrux (orb 0°12′)",,,Acrux,OK
"Papin, Jean-Pierre","Boulogne sur Mer, France",1963-11-05,10:18,outfield player,,Mercury in Mars domicile,Sextile (orb 3°08′),"Uranus in Mercury domicile, Mercury in Uranus exaltation",Square (orb 4°11′),,Sextile (orb 1°19′),"Mercury in Pluto domicile, Pluto in Mercury domicile",Square (orb 1°36′),,,,,,,Mars aspect with ruler of 1st house,,Saturn in domicile,Saturn aspect with ruler of 1st house,Saturn in 2 house,"1st house cusp in Sagittarius, 2nd house ruler in Aquarius",0,1,0,1,,,,"Venus, ruler of both 5 and 10",0,0,0,1,1,"Sun (house 11, ruler of 9th house) conjunct Acrux (orb 0°53′), Venus (house 12, ruler of 5th house, 6th house, 10th house) conjunct Toliman (orb 0°46′)",,,"Acrux, Toliman",OK
"Baggio, Roberto","Caldogno, Italy",1967-02-18,18:15,outfield player,,,,Uranus in Mercury domicile,,,Opposition (orb 2°41′),Pluto in Mercury domicile,,,,Mars in Pluto domicile,,,Mars in domicile,,,,,,"1st house ruler in Pisces, 2nd house ruler in Pisces, 5th house ruler in Pisces, 10th house cusp in Gemini, 10th house ruler in Pisces",1,0,4,0,"Mercury, ruler of both 1 and 10, Moon planet of 10 house in aspect with Mercury ruler of 1 house, Pluto planet of 1 house in aspect with Mercury ruler of 10 house",,"Mercury, ruler of both 2 and 10, Moon planet of 10 house in aspect with Mercury ruler of 2 house",,3,0,2,0,5,"Jupiter (house 11, ruler of 4th house, 7th house, 8th house) conjunct Procyon (orb 0°35′)",,,Procyon,OK
"Weah, George","Monrovia, Liberia",1966-10-01,22:00,outfield player,Sextile (orb 0°37′),,,Uranus in Mercury domicile,,,,Pluto in Mercury domicile,,,,,,,,Mars aspect with ruler of 1st house,Mars aspect with ruler of 10 house,,,"Saturn aspect with ruler of 5 house, Saturn in 10 house, Saturn aspect with ruler of 10 house","1st house cusp in Gemini, 10th house cusp in Pisces",1,0,1,0,,Jupiter planet of 2 house in aspect with Venus ruler of 5 house,"Moon ruler of 2 in aspect with Jupiter ruler of 10, Jupiter ruler of 10 in 2 house, Jupiter planet of 2 house in aspect with Saturn planet of 10 house","Venus ruler of 5 in aspect with Jupiter ruler of 10, Saturn planet of 10 house in aspect with Venus ruler of 5 house",0,1,3,2,6,"Mercury (house 5, ruler of 1st house, 4th house) conjunct Spica (orb 0°39′), Mercury (house 5, ruler of 1st house, 4th house) conjunct Arcturus (orb 0°16′)",,,"Spica, Arcturus",OK
"Zidane, Zinedine","Marseille, France",1972-06-23,03:00,outfield player,Conjunction (orb 5°28′),,,,,Saturn in Mercury domicile,,Pluto in Mercury domicile,,,Sextile (orb 2°55′),,Trine (orb 6°02′),"Mars in Moon domicile, Moon in Mars domicile",Mars in fall,,"Mars aspect with ruler of 2 house, Mars aspect with ruler of 5 house",,,Saturn aspect with ruler of 10 house,"1st house ruler in Gemini, 2nd house cusp in Gemini, 10th house cusp in Aquarius, 10th house ruler in Gemini",3,0,0,1,"Saturn ruler of 10 in 1 house, Saturn planet of 1 house in aspect with Uranus ruler of 10 house","Mercury, ruler of both 2 and 5, Pluto planet of 5 house in aspect with Sun planet of 2 house",,,2,2,0,0,4,,,,,OK
Rivaldo,"Recife (Pernambuco), Brazil",1972-04-19,00:20,outfield player,,"Mercury in Mars domicile, Mars in Mercury domicile",,,Sextile (orb 0°02′),Saturn in Mercury domicile,Opposition (orb 4°46′),Pluto in Mercury domicile,Trine (orb 0°49′),,,,,,,Mars aspect with ruler of 1st house,Mars in 5 house,,Saturn ruler of 1st house,"Saturn aspect with ruler of 2 house, Saturn aspect with ruler of 5 house, Saturn aspect with ruler of 10 house","1st house cusp in Aquarius, 1st house ruler in Gemini, 2nd house cusp in Pisces, 2nd house ruler in Sagittarius, 5th house cusp in Gemini, 10th house ruler in Gemini",3,1,1,1,"Saturn ruler of 1 in aspect with Pluto ruler of 10, Uranus ruler of 1 in aspect with Mars ruler of 10, Neptune planet of 10 house in aspect with Saturn ruler of 1 house","Jupiter ruler of 2 in aspect with Mercury ruler of 5, Neptune ruler of 2 in aspect with Mercury ruler of 5, Mercury ruler of 5 in 2 house, Moon planet of 5 house in aspect with Jupiter ruler of 2 house","Neptune ruler of 2 in aspect with Pluto ruler of 10, Neptune ruler of 2 in 10 house, Mercury planet of 2 house in aspect with Pluto ruler of 10 house, Mercury planet of 2 house in aspect with Neptune planet of 10 house","Mercury ruler of 5 in aspect with Pluto ruler of 10, Mars ruler of 10 in 5 house, Neptune planet of 10 house in aspect with Mercury ruler of 5 house",3,4,4,3,14,,,,,OK
"Figo, Luís","Lisbon, Portugal",1972-11-04,20:45,outfield player,,,,,,Saturn in Mercury domicile,Sextile (orb 2°19′),,Conjunction (orb 2°30′),,,,Conjunction (orb 6°19′),,Mars in detriment,,"Mars in 5 house, Mars aspect with ruler of 10 house",,,Saturn aspect with ruler of 10 house,"1st house cusp in Gemini, 1st house ruler in Sagittarius, 10th house cusp in Aquarius, 10th house ruler in Gemini",2,1,0,1,,Moon ruler of 2 in 5 house,,"Uranus ruler of 10 in 5 house, Mars planet of 5 house in aspect with Saturn ruler of 10 house, Mars planet of 5 house in aspect with Uranus ruler of 10 house, Uranus planet of 5 house in aspect with Saturn ruler of 10 house",0,1,0,4,5,"Mars (house 5, ruler of 6th house, 11th house) conjunct Spica (orb 0°47′), Saturn (house 12, ruler of 8th house, 9th house, 10th house) conjunct Bellatrix (orb 0°57′)",,Bellatrix,Spica,OK
"Nedvěd, Pavel","Cheb, Czech Republic",1972-08-30,03:00,outfield player,,Mars in Mercury domicile,Sextile (orb 3°20′),,Sextile (orb 0°05′),Saturn in Mercury domicile,,,,,,,,,,Mars aspect with ruler of 1st house,"Mars in 2 house, Mars aspect with ruler of 2 house",,,,"5th house cusp in Sagittarius, 5th house ruler in Sagittarius",0,2,0,0,"Sun ruler of 1 in aspect with Mars ruler of 10, Mercury planet of 1 house in aspect with Moon planet of 10 house","Neptune planet of 5 house in aspect with Sun ruler of 2 house, Neptune planet of 5 house in aspect with Sun planet of 2 house","Sun ruler of 2 in aspect with Mars ruler of 10, Mars ruler of 10 in 2 house, Sun planet of 2 house in aspect with Mars ruler of 10 house",,2,2,3,0,7,"Saturn (house 11, ruler of 6th house, 7th house, 8th house) conjunct Bellatrix (orb 0°59′)",,Bellatrix,,OK
"Shevchenko, Andriy","Kiev, Ukraine",1976-09-29,10:35,outfield player,,,,,,,,,,Uranus in Mars domicile,,,Sextile (orb 2°04′),,Mars in detriment,Mars ruler of 1st house,,,Saturn aspect with ruler of 1st house,,"2nd house cusp in Sagittarius, 2nd house ruler in Gemini",1,1,0,0,,Moon planet of 2 house in aspect with Mars ruler of 5 house,"Moon planet of 2 house in aspect with Mercury ruler of 10 house, Mercury planet of 10 house in aspect with Moon planet of 2 house",,0,1,2,0,3,"Mars (house 11, ruler of 1st house, 5th house, 6th house) conjunct Spica (orb 0°04′), Mars (house 11, ruler of 1st house, 5th house, 6th house) conjunct Arcturus (orb 0°19′)",,,"Spica, Arcturus",OK
Ronaldinho,"Porto Alegre (Rio Grande do Sul), Brazil",1980-03-21,03:20,outfield player,,,,,,Saturn in Mercury domicile,,,Square (orb 2°08′),Uranus in Mars domicile,,,Square (orb 5°08′),,,Mars aspect with ruler of 1st house,Mars aspect with ruler of 2 house,,"Saturn ruler of 1st house, Saturn aspect with ruler of 1st house",Saturn aspect with ruler of 2 house,"1st house cusp in Aquarius, 2nd house cusp in Pisces, 2nd house ruler in Sagittarius, 5th house cusp in Gemini, 5th house ruler in Pisces",1,1,2,1,"Uranus ruler of 1 in aspect with Mars ruler of 10, Uranus ruler of 1 in 10 house, Uranus planet of 10 house in aspect with Saturn ruler of 1 house",Jupiter ruler of 2 in aspect with Mercury ruler of 5,"Jupiter ruler of 2 in aspect with Mars ruler of 10, Neptune ruler of 2 in aspect with Mars ruler of 10, Neptune ruler of 2 in aspect with Pluto ruler of 10, Sun planet of 2 house in aspect with Uranus planet of 10 house",,3,1,4,0,8,"Mars (house 7, ruler of 3th house, 10th house) conjunct Alphard (orb 0°31′)",,,Alphard,OK
"Cannavaro, Fabio","Neapel, Italy",1973-09-13,07:00,outfield player,,,,,Square (orb 4°31′),,Conjunction (orb 4°33′),,,,,,,,Mars in detriment,,Mars aspect with ruler of 5 house,,Saturn aspect with ruler of 1st house,"Saturn aspect with ruler of 2 house, Saturn in 10 house, Saturn aspect with ruler of 10 house",10th house cusp in Gemini,1,0,0,0,"Mercury, ruler of both 1 and 10, Mercury ruler of both 1 and 10 located in 1 house, Saturn planet of 10 house in aspect with Mercury ruler of 1 house, Pluto planet of 1 house in aspect with Mercury ruler of 10 house, Mercury planet of 1 house in aspect with Saturn planet of 10 house, Pluto planet of 1 house in aspect with Saturn planet of 10 house","Venus ruler of 2 in aspect with Saturn ruler of 5, Venus planet of 2 house in aspect with Saturn ruler of 5 house, Jupiter planet of 5 house in aspect with Venus ruler of 2 house, Jupiter planet of 5 house in aspect with Venus planet of 2 house","Saturn planet of 10 house in aspect with Venus ruler of 2 house, Saturn planet of 10 house in aspect with Venus planet of 2 house","Saturn ruler of 5 in aspect with Mercury ruler of 10, Saturn ruler of 5 in 10 house, Jupiter planet of 5 house in aspect with Mercury ruler of 10 house",6,4,2,3,15,,,,,OK
Kaká,"Gama (Distrito Federal), Brazil",1982-04-22,10:25,outfield player,,,,,,,,,Sextile (orb 1°03′),,,,,Moon in Mars domicile,Mars in detriment,,,Saturn in exaltation,,Saturn aspect with ruler of 2 house,1st house cusp in Gemini,1,0,0,0,,,Moon ruler of 2 in 10 house,"Mars, ruler of both 5 and 10, Jupiter planet of 5 house in aspect with Sun planet of 10 house",0,0,1,2,3,,,,,OK
"Messi, Lionel","Rosario (Santa Fé), Argentina",1987-06-24,20:30,outfield player,,,,,,,,,,,,Pluto in Mars domicile,,Mars in Moon domicile,Mars in fall,,,,Saturn ruler of 1st house,Saturn aspect with ruler of 10 house,"1st house cusp in Aquarius, 1st house ruler in Sagittarius, 2nd house cusp in Aquarius, 2nd house ruler in Sagittarius, 5th house cusp in Gemini, 10th house ruler in Gemini",2,2,0,2,Saturn ruler of 1 in aspect with Venus ruler of 10,"Moon planet of 5 house in aspect with Saturn ruler of 2 house, Moon planet of 5 house in aspect with Uranus ruler of 2 house, Venus planet of 5 house in aspect with Saturn ruler of 2 house",Saturn ruler of 2 in aspect with Venus ruler of 10,"Venus ruler of 10 in 5 house, Moon planet of 5 house in aspect with Venus ruler of 10 house, Pluto planet of 10 house in aspect with Sun planet of 5 house",1,3,1,3,8,"Venus (house 5, ruler of 10th house) conjunct Rigel (orb 0°06′), Mars (house 6, ruler of 4th house) conjunct Pollux (orb 0°32′)",,,"Rigel, Pollux",OK
"Modrić, Luka","Zadar, Croatia",1985-09-09,02:10,outfield player,Conjunction (orb 4°35′),,,,,,Sextile (orb 1°03′),,,,Sextile (orb 3°32′),"Pluto in Mars domicile, Mars in Pluto exaltation",Sextile (orb 3°46′),,,Mars aspect with ruler of 1st house,"Mars in 2 house, Mars aspect with ruler of 5 house",,,Saturn in 5 house,,0,0,0,0,Moon ruler of 1 in aspect with Mars ruler of 10,"Mars ruler of 5 in 2 house, Mercury planet of 2 house in aspect with Mars ruler of 5 house, Mercury planet of 2 house in aspect with Pluto ruler of 5 house, Mars planet of 2 house in aspect with Pluto ruler of 5 house, Uranus planet of 5 house in aspect with Sun ruler of 2 house","Mars ruler of 10 in 2 house, Mercury planet of 2 house in aspect with Mars ruler of 10 house","Mars, ruler of both 5 and 10, Pluto ruler of 5 in aspect with Mars ruler of 10",1,5,2,2,10,"Venus (house 1, ruler of 4th house, 11th house) conjunct Dubhe (orb 0°51′), Mars (house 2, ruler of 5th house, 10th house) conjunct Regulus (orb 0°18′), Saturn (house 5, ruler of 7th house, 8th house) conjunct Agena (orb 0°31′)",Regulus,,"Dubhe, Agena",OK
"Benzema, Karim","Lyon, France",1987-12-19,22:10,outfield player,,,Conjunction (orb 1°26′),,Conjunction (orb 1°27′),,,,,,Conjunction (orb 5°15′),"Mars in Pluto domicile, Pluto in Mars domicile",,,Mars in domicile,,,,Saturn aspect with ruler of 1st house,"Saturn aspect with ruler of 2 house, Saturn aspect with ruler of 5 house","1st house ruler in Sagittarius, 2nd house ruler in Sagittarius, 5th house cusp in Sagittarius",0,3,0,0,,Mercury ruler of 2 in aspect with Jupiter ruler of 5,,Venus ruler of 10 in 5 house,0,1,0,1,2,"Pluto (house 3, ruler of 4th house) conjunct Acrux (orb 0°02′)",,,Acrux,OK
"Dembélé, Ousmane","Vernon, France",1997-05-15,00:55,outfield player,,Mars in Mercury domicile,,,,,,,,,,,,,,,,,Saturn ruler of 1st house,,"2nd house cusp in Aquarius, 2nd house ruler in Aquarius, 5th house cusp in Gemini, 10th house ruler in Sagittarius",1,1,0,2,"Uranus planet of 1 house in aspect with Pluto ruler of 10 house, Neptune planet of 1 house in aspect with Pluto ruler of 10 house",Venus planet of 5 house in aspect with Uranus ruler of 2 house,Uranus ruler of 2 in aspect with Pluto ruler of 10,Venus planet of 5 house in aspect with Pluto ruler of 10 house,2,1,1,1,5,"Moon (house 8, ruler of 7th house) conjunct Regulus (orb 0°11′)",Regulus,,,OK
"Maradona, Diego","Lanús (Buenos Aires), Argentina",1960-10-30,07:05,outfield player,,Mercury in Mars domicile,Square (orb 1°54′),,,,,"Mercury in Pluto domicile, Pluto in Mercury domicile",,,,,Trine (orb 1°10′),Mars in Moon domicile,Mars in fall,Mars ruler of 1st house,,Saturn in domicile,Saturn aspect with ruler of 1st house,"Saturn in 2 house, Saturn aspect with ruler of 5 house","2nd house cusp in Sagittarius, 5th house cusp in Pisces",0,1,1,0,"Pluto ruler of 1 in aspect with Sun ruler of 10, Pluto ruler of 1 in 10 house, Pluto planet of 10 house in aspect with Venus planet of 1 house","Jupiter, ruler of both 2 and 5, Jupiter ruler of both 2 and 5 located in 2 house, Saturn planet of 2 house in aspect with Neptune ruler of 5 house, Moon planet of 5 house in aspect with Saturn planet of 2 house","Uranus planet of 10 house in aspect with Jupiter ruler of 2 house, Jupiter planet of 2 house in aspect with Uranus planet of 10 house, Pluto planet of 10 house in aspect with Saturn planet of 2 house","Neptune ruler of 5 in aspect with Sun ruler of 10, Uranus planet of 10 house in aspect with Jupiter ruler of 5 house, Pluto planet of 10 house in aspect with Neptune ruler of 5 house",3,4,3,3,13,"Mercury (house 12, ruler of 8th house, 11th house) conjunct Agena (orb 0°12′)",,,Agena,OK
Pelé,"Três Corações (Minas Gerais), Brazil",1940-10-21,03:00,outfield player,,Mercury in Mars domicile,Opposition (orb 3°10′),,,,,Mercury in Pluto domicile,,,Sextile (orb 5°49′),,,,Mars in detriment,,,,,Saturn aspect with ruler of 2 house,10th house cusp in Gemini,1,0,0,0,"Mercury, ruler of both 1 and 10, Venus planet of 1 house in aspect with Mercury ruler of 10 house, Neptune planet of 1 house in aspect with Mercury ruler of 10 house, Moon planet of 10 house in aspect with Venus planet of 1 house, Moon planet of 10 house in aspect with Neptune planet of 1 house",Venus ruler of 2 in aspect with Saturn ruler of 5,"Venus ruler of 2 in aspect with Mercury ruler of 10, Moon planet of 10 house in aspect with Venus ruler of 2 house, Moon planet of 10 house in aspect with Sun planet of 2 house",,5,1,3,0,9,"Moon (house 10, ruler of 11th house) conjunct Capella (orb 0°58′), Mercury (house 3, ruler of 1st house, 10th house) conjunct Unukalhai (orb 0°47′), Mercury (house 3, ruler of 1st house, 10th house) conjunct Agena (orb 0°57′), Uranus (house 9, ruler of 6th house) conjunct Algol (orb 0°10′)",,,"Capella, Unukalhai, Agena, Algol",OK
"Mbappé, Kylian","Paris Arrondissement 19, France",1998-12-20,01:47,outfield player,Sextile (orb 5°54′),,Sextile (orb 3°59′),,,,Conjunction (orb 2°18′),,Trine (orb 1°55′),,Sextile (orb 3°37′),,Square (orb 2°00′),,Mars in detriment,Mars aspect with ruler of 1st house,"Mars aspect with ruler of 2 house, Mars aspect with ruler of 5 house, Mars aspect with ruler of 10 house",,,,"2nd house ruler in Sagittarius, 5th house cusp in Aquarius, 5th house ruler in Aquarius",0,1,0,2,"Venus ruler of 1 in aspect with Moon ruler of 10, Mars planet of 1 house in aspect with Moon ruler of 10 house","Mars ruler of 2 in aspect with Uranus ruler of 5, Pluto ruler of 2 in aspect with Uranus ruler of 5",Mars ruler of 2 in aspect with Moon ruler of 10,,2,2,1,0,5,,,,,OK
"Lewandowski, Robert","Varsovie, Poland",1988-08-21,10:00,outfield player,,,,,,,Sextile (orb 5°09′),,,,,Pluto in Mars domicile,Trine (orb 4°44′),,Mars in domicile,Mars aspect with ruler of 1st house,Mars aspect with ruler of 10 house,,,Saturn aspect with ruler of 5 house,"5th house cusp in Aquarius, 5th house ruler in Sagittarius, 10th house ruler in Sagittarius",0,2,0,1,,,"Mars ruler of 2 in aspect with Moon ruler of 10, Moon ruler of 10 in 2 house",,0,0,2,0,2,,,,,OK
"Krankl, Hans","Wien, Austria",1953-02-14,01:50,outfield player,,,,,,,,,,,,,,,Mars in domicile,,,Saturn in exaltation,,,"1st house cusp in Sagittarius, 10th house ruler in Pisces",0,1,1,0,,,,,0,0,0,0,0,"Mercury (house 3, ruler of 7th house, 10th house) conjunct Fomalhaut (orb 0°32′), Uranus (house 8, ruler of 3th house) conjunct Canopus (orb 0°41′), Neptune (house 11, ruler of 4th house) conjunct Spica (orb 0°35′), Neptune (house 11, ruler of 4th house) conjunct Arcturus (orb 0°11′)",Fomalhaut,,"Canopus, Spica, Arcturus",OK
"Friend, Donald","Moree, Australia",1915-02-06,03:00,control group,,,,,,Saturn in Mercury domicile,Trine (orb 3°38′),,,Mars in Uranus domicile,,,,,,,Mars in 2 house,,Saturn ruler of 1st house,Saturn aspect with ruler of 5 house,"1st house ruler in Gemini, 2nd house cusp in Aquarius, 2nd house ruler in Gemini, 2nd house ruler in Aquarius, 5th house ruler in Sagittarius, 10th house ruler in Pisces",2,1,1,2,Moon planet of 10 house in aspect with Saturn ruler of 1 house,Saturn ruler of 2 in aspect with Venus ruler of 5,Moon planet of 10 house in aspect with Saturn ruler of 2 house,"Venus ruler of 5 in aspect with Mercury ruler of 10, Moon planet of 10 house in aspect with Venus ruler of 5 house",1,1,1,2,5,,,,,OK
"Modugno, Domenico","Polignano a Mare, Italy",1928-01-09,15:00,control group,,,,,,Mercury in Saturn domicile,Opposition (orb 2°22′),,,,,,Trine (orb 5°32′),,,,"Mars aspect with ruler of 2 house, Mars aspect with ruler of 10 house",,,Saturn aspect with ruler of 2 house,"1st house cusp in Gemini, 5th house ruler in Sagittarius, 10th house cusp in Pisces, 10th house ruler in Pisces",1,1,2,0,,,,,0,0,0,0,0,"Neptune (house 3, ruler of 10th house) conjunct Regulus (orb 0°02′)",Regulus,,,OK
"Kennedy, James C.","Honolulu, Hawaii",1947-11-29,18:00,control group,,Mercury in Mars domicile,,"Uranus in Mercury domicile, Mercury in Uranus exaltation",Square (orb 3°24′),,Square (orb 4°21′),Mercury in Pluto domicile,Sextile (orb 4°41′),,,,Sextile (orb 2°00′),,,,"Mars aspect with ruler of 2 house, Mars aspect with ruler of 5 house, Mars aspect with ruler of 10 house",,Saturn aspect with ruler of 1st house,Saturn aspect with ruler of 10 house,"1st house cusp in Gemini, 5th house ruler in Sagittarius, 10th house cusp in Aquarius, 10th house ruler in Gemini",2,1,0,1,"Mercury ruler of 1 in aspect with Saturn ruler of 10, Uranus ruler of 10 in 1 house, Uranus planet of 1 house in aspect with Saturn ruler of 10 house",Moon ruler of 2 in aspect with Venus ruler of 5,,Venus ruler of 5 in aspect with Uranus ruler of 10,3,1,0,1,5,"Mars (house 4, ruler of 6th house, 11th house) conjunct Regulus (orb 0°25′), Jupiter (house 6, ruler of 7th house) conjunct Antares (orb 0°57′), Pluto (house 3, ruler of 6th house) conjunct Dubhe (orb 0°27′)","Regulus, Antares",,Dubhe,OK
"Carpenter, A. J.","Ely, Nevada",1911-06-09,06:30,control group,,,Trine (orb 3°52′),,,,,Pluto in Mercury domicile,,,,,,Moon in Mars domicile,Mars in domicile,,Mars in 10 house,,,Saturn aspect with ruler of 10 house,"2nd house ruler in Gemini, 5th house ruler in Gemini, 10th house cusp in Pisces",2,0,1,0,"Moon ruler of 1 in aspect with Neptune ruler of 10, Neptune ruler of 10 in 1 house, Venus planet of 1 house in aspect with Jupiter ruler of 10 house, Mars planet of 10 house in aspect with Venus planet of 1 house",,,"Mars ruler of 5 in 10 house, Moon planet of 5 house in aspect with Neptune ruler of 10 house",4,0,0,2,6,"Moon (house 5, ruler of 1st house) conjunct Agena (orb 0°02′), Mercury (house 11, ruler of 3th house, 4th house, 12th house) conjunct Algol (orb 0°04′), Pluto (house 12, ruler of 5th house) conjunct Betelgeuse (orb 0°19′)",,,"Agena, Algol, Betelgeuse",OK
"Manheim, Camryn","Glen Ridge, New Jersey",1961-03-08,11:55,control group,,,Opposition (orb 1°45′),Mercury in Uranus domicile,,Mercury in Saturn domicile,,Pluto in Mercury domicile,,,Sextile (orb 1°35′),,,"Mars in Moon domicile, Moon in Mars domicile",Mars in fall,,,Saturn in domicile,Saturn aspect with ruler of 1st house,"Saturn aspect with ruler of 2 house, Saturn aspect with ruler of 5 house, Saturn aspect with ruler of 10 house",10th house cusp in Pisces,0,0,1,0,Moon ruler of 1 in aspect with Jupiter ruler of 10,Moon ruler of 2 in 5 house,Moon ruler of 2 in aspect with Jupiter ruler of 10,"Venus ruler of 5 in aspect with Jupiter ruler of 10, Neptune ruler of 10 in 5 house, Moon planet of 5 house in aspect with Jupiter ruler of 10 house",1,1,1,3,6,"Moon (house 5, ruler of 1st house, 2th house) conjunct Toliman (orb 0°56′), Neptune (house 5, ruler of 10th house) conjunct Acrux (orb 0°12′)",,,"Toliman, Acrux",OK
"Bartlett, Heather","Burlington, Vermont",1989-05-22,05:59,control group,,,,,,,,,,,Trine (orb 1°05′),Pluto in Mars domicile,,Mars in Moon domicile,Mars in fall,,"Mars in 2 house, Mars aspect with ruler of 10 house",Saturn in domicile,,,"1st house cusp in Gemini, 1st house ruler in Gemini, 2nd house ruler in Sagittarius, 5th house ruler in Gemini, 10th house cusp in Aquarius",3,1,0,1,,,Mars planet of 2 house in aspect with Saturn ruler of 10 house,,0,0,1,0,1,"Mars (house 2, ruler of 12th house) conjunct Sirius (orb 0°27′), Mars (house 2, ruler of 12th house) conjunct Canopus (orb 0°25′)",,,"Sirius, Canopus",OK
"Puig, Manuel","General Villegas (Buenos Aires), Argentina",1932-12-28,02:00,control group,Square (orb 2°16′),Mars in Mercury domicile,Trine (orb 4°36′),,,,,,,Uranus in Mars domicile,Sextile (orb 5°35′),,Trine (orb 0°41′),,,,"Mars aspect with ruler of 2 house, Mars aspect with ruler of 10 house",Saturn in domicile,Saturn aspect with ruler of 1st house,,"1st house ruler in Sagittarius, 2nd house cusp in Sagittarius, 5th house cusp in Aquarius, 5th house ruler in Aquarius",0,2,0,2,,"Mercury planet of 2 house in aspect with Uranus ruler of 5 house, Venus planet of 2 house in aspect with Saturn ruler of 5 house",Pluto planet of 10 house in aspect with Jupiter ruler of 2 house,"Uranus ruler of 5 in aspect with Moon ruler of 10, Pluto planet of 10 house in aspect with Uranus ruler of 5 house",0,2,1,2,5,"Venus (house 2, ruler of 1st house) conjunct Antares (orb 0°16′), Pluto (house 10, ruler of none) conjunct Pollux (orb 0°24′)",Antares,,Pollux,OK
"Croccolo, Carlo","Naples, Italy",1927-04-09,12:20,control group,Square (orb 4°38′),Mars in Mercury domicile,,,,,,,Square (orb 4°53′),Uranus in Mars domicile,,,,,,,,,,Saturn in 5 house,"5th house ruler in Gemini, 10th house ruler in Gemini",2,0,0,0,"Neptune planet of 1 house in aspect with Mars ruler of 10 house, Neptune planet of 1 house in aspect with Venus planet of 10 house",Sun ruler of 2 in aspect with Pluto ruler of 5,,"Mars, ruler of both 5 and 10",2,1,0,1,4,"Moon (house 12, ruler of 12th house) conjunct Procyon (orb 0°50′), Pluto (house 12, ruler of 5th house) conjunct Sirius (orb 0°44′), Pluto (house 12, ruler of 5th house) conjunct Canopus (orb 0°09′)",,,"Procyon, Sirius, Canopus",OK
"Aldred, Sophie","London, England",1962-08-20,06:00,control group,,Mars in Mercury domicile,,Uranus in Mercury domicile,,,,Pluto in Mercury domicile,Sextile (orb 2°06′),,,,Sextile (orb 1°08′),Moon in Mars domicile,,Mars aspect with ruler of 1st house,,Saturn in domicile,,Saturn aspect with ruler of 10 house,"5th house cusp in Sagittarius, 5th house ruler in Pisces",0,1,1,0,,,,,0,0,0,0,0,"Sun (house 12, ruler of 1st house) conjunct Alphard (orb 0°03′), Mars (house 11, ruler of 4th house, 9th house) conjunct Betelgeuse (orb 0°18′), Neptune (house 3, ruler of 8th house) conjunct Acrux (orb 0°25′)",,,"Alphard, Betelgeuse, Acrux",OK
"Bacharan, Nicole","St.Gaudens, France",1955-01-25,22:00,control group,,,,Mercury in Uranus domicile,Square (orb 3°05′),Mercury in Saturn domicile,Opposition (orb 2°48′),,,,,,,,Mars in domicile,,,,Saturn aspect with ruler of 1st house,Saturn aspect with ruler of 10 house,"1st house ruler in Aquarius, 2nd house ruler in Sagittarius, 10th house cusp in Gemini, 10th house ruler in Aquarius",1,1,0,2,"Mercury, ruler of both 1 and 10","Mercury planet of 5 house in aspect with Venus ruler of 2 house, Mercury planet of 5 house in aspect with Neptune planet of 2 house","Venus ruler of 2 in aspect with Mercury ruler of 10, Neptune planet of 2 house in aspect with Mercury ruler of 10 house, Jupiter planet of 10 house in aspect with Neptune planet of 2 house","Saturn ruler of 5 in aspect with Mercury ruler of 10, Mercury ruler of 10 in 5 house, Jupiter planet of 10 house in aspect with Saturn ruler of 5 house",1,2,3,3,9,"Jupiter (house 10, ruler of 4th house, 7th house) conjunct Pollux (orb 0°58′), Uranus (house 11, ruler of 6th house) conjunct Procyon (orb 0°05′), Pluto (house 11, ruler of 3th house) conjunct Alphard (orb 0°36′)",,,"Pollux, Procyon, Alphard",OK
"Maydaichevsky, Ivan","Le Creusot, France",1932-04-06,04:00,control group,,Mercury in Mars domicile,Conjunction (orb 4°10′),,,,Square (orb 3°21′),,,Uranus in Mars domicile,,,,Moon in Mars domicile,Mars in domicile,Mars aspect with ruler of 1st house,,Saturn in domicile,Saturn ruler of 1st house,Saturn aspect with ruler of 2 house,"1st house cusp in Aquarius, 1st house ruler in Aquarius, 5th house cusp in Gemini, 10th house cusp in Sagittarius",1,1,0,2,,"Mercury ruler of 5 in 2 house, Uranus planet of 2 house in aspect with Mercury ruler of 5 house","Sun planet of 2 house in aspect with Jupiter ruler of 10 house, Moon planet of 2 house in aspect with Jupiter ruler of 10 house",,0,2,2,0,4,"Pluto (house 6, ruler of 9th house) conjunct Castor (orb 0°40′)",,,Castor,OK
"Zutphen, Jan van","Utrecht, Netherlands",1863-10-08,00:00,control group,,,Trine (orb 3°25′),Uranus in Mercury domicile,,,,,,,,,Sextile (orb 6°21′),,Mars in detriment,Mars aspect with ruler of 1st house,Mars aspect with ruler of 2 house,Saturn in exaltation,Saturn aspect with ruler of 1st house,"Saturn aspect with ruler of 2 house, Saturn aspect with ruler of 5 house, Saturn aspect with ruler of 10 house",,0,0,0,0,Sun ruler of 1 in aspect with Mars ruler of 10,Sun ruler of 2 in aspect with Mars ruler of 5,Sun ruler of 2 in aspect with Mars ruler of 10,"Mars, ruler of both 5 and 10, Pluto ruler of 5 in 10 house",1,1,1,2,5,"Mercury (house 4, ruler of 3th house) conjunct Spica (orb 0°18′), Mercury (house 4, ruler of 3th house) conjunct Arcturus (orb 0°41′)",,,"Spica, Arcturus",OK
"Otto, Elinor","Los Angeles, California",1919-10-28,07:20,control group,,"Mercury in Mars domicile, Mars in Mercury domicile",Square (orb 4°54′),"Mercury in Uranus exaltation, Uranus in Mercury exaltation",,Saturn in Mercury domicile,,Mercury in Pluto domicile,,,Sextile (orb 3°24′),,,,,"Mars ruler of 1st house, Mars aspect with ruler of 1st house",Mars in 10 house,,Saturn aspect with ruler of 1st house,"Saturn in 10 house, Saturn aspect with ruler of 10 house","2nd house cusp in Sagittarius, 5th house cusp in Pisces",0,1,1,0,"Pluto ruler of 1 in aspect with Sun ruler of 10, Mars ruler of 1 in 10 house, Mars planet of 10 house in aspect with Pluto ruler of 1 house, Saturn planet of 10 house in aspect with Mars ruler of 1 house, Saturn planet of 10 house in aspect with Pluto ruler of 1 house, Mercury planet of 1 house in aspect with Venus planet of 10 house","Jupiter, ruler of both 2 and 5, Jupiter ruler of 2 in aspect with Neptune ruler of 5",Moon planet of 2 house in aspect with Venus planet of 10 house,,6,2,1,0,9,"Mercury (house 1, ruler of 8th house, 11th house) conjunct Agena (orb 0°15′)",,,Agena,OK
"Bonnell, Phillip Lee","Los Angeles, California",1943-03-19,12:59,control group,,,,Uranus in Mercury domicile,,Saturn in Mercury domicile,,,,Mars in Uranus domicile,Opposition (orb 3°21′),,,,,,Mars aspect with ruler of 5 house,,Saturn aspect with ruler of 1st house,Saturn aspect with ruler of 5 house,"2nd house ruler in Pisces, 5th house ruler in Aquarius, 10th house cusp in Pisces",0,0,2,1,Jupiter ruler of 10 in 1 house,"Pluto ruler of 5 in 2 house, Pluto planet of 2 house in aspect with Mars ruler of 5 house","Sun ruler of 2 in aspect with Neptune ruler of 10, Sun ruler of 2 in 10 house, Pluto planet of 2 house in aspect with Neptune ruler of 10 house",Pluto ruler of 5 in aspect with Neptune ruler of 10,1,2,3,1,7,"Mercury (house 9, ruler of 4th house, 12th house) conjunct Achernar (orb 0°17′)",,,Achernar,OK
"Morissette, Alanis","Ottawa, Ontario (CAN)",1974-06-01,09:51,control group,,,,,Conjunction (orb 0°40′),,Square (orb 0°08′),,Square (orb 1°24′),,,,Square (orb 6°01′),"Mars in Moon domicile, Moon in Mars domicile",Mars in fall,,,,,,"1st house ruler in Gemini, 2nd house ruler in Gemini, 5th house cusp in Sagittarius, 5th house ruler in Pisces",2,1,1,0,,"Sun ruler of 2 in aspect with Jupiter ruler of 5, Neptune planet of 5 house in aspect with Sun ruler of 2 house",,,0,2,0,0,2,"Mars (house 12, ruler of 10th house) conjunct Procyon (orb 0°01′), Jupiter (house 8, ruler of 5th house, 9th house) conjunct Achernar (orb 0°54′), Uranus (house 4, ruler of 7th house, 8th house) conjunct Spica (orb 0°33′), Uranus (house 4, ruler of 7th house, 8th house) conjunct Arcturus (orb 0°10′)",,,"Procyon, Achernar, Spica, Arcturus",OK
"Blackman, Charles","Sydney, Australia",1928-08-12,11:30,control group,,Mars in Mercury domicile,,,Trine (orb 2°05′),,,,Sextile (orb 5°12′),Uranus in Mars domicile,,,,,,,Mars aspect with ruler of 5 house,,,,"1st house cusp in Sagittarius, 2nd house cusp in Sagittarius, 5th house cusp in Pisces",0,2,1,0,"Mercury planet of 10 house in aspect with Jupiter ruler of 1 house, Mercury planet of 10 house in aspect with Saturn planet of 1 house","Jupiter, ruler of both 2 and 5",Mercury planet of 10 house in aspect with Jupiter ruler of 2 house,"Neptune ruler of 5 in 10 house, Mercury planet of 10 house in aspect with Jupiter ruler of 5 house, Venus planet of 10 house in aspect with Neptune ruler of 5 house",2,1,1,3,7,"Mercury (house 10, ruler of 7th house, 8th house, 11th house) conjunct Dubhe (orb 0°26′), Neptune (house 10, ruler of 5th house) conjunct Regulus (orb 0°17′)",Regulus,,Dubhe,OK
"Forrester, Eugene Priest","Watertown (Wilson County), Tennessee",1926-04-17,19:00,control group,,"Mercury in Mars domicile, Mars in Mercury exaltation",,,,,,,,Mars in Uranus domicile,,,,,,Mars ruler of 1st house,"Mars aspect with ruler of 2 house, Mars aspect with ruler of 5 house",,Saturn aspect with ruler of 1st house,"Saturn aspect with ruler of 2 house, Saturn aspect with ruler of 5 house","1st house ruler in Aquarius, 2nd house cusp in Sagittarius, 2nd house ruler in Aquarius, 5th house cusp in Pisces, 5th house ruler in Aquarius",0,1,1,3,"Neptune planet of 10 house in aspect with Mars ruler of 1 house, Neptune planet of 10 house in aspect with Saturn planet of 1 house","Jupiter, ruler of both 2 and 5, Jupiter ruler of 2 in aspect with Neptune ruler of 5","Jupiter ruler of 2 in aspect with Sun ruler of 10, Neptune planet of 10 house in aspect with Jupiter ruler of 2 house","Jupiter ruler of 5 in aspect with Sun ruler of 10, Neptune ruler of 5 in aspect with Sun ruler of 10, Neptune ruler of 5 in 10 house, Neptune planet of 10 house in aspect with Jupiter ruler of 5 house",2,2,2,4,10,"Pluto (house 9, ruler of 1st house) conjunct Sirius (orb 0°23′)",,,Sirius,OK
"Ashbery, John","Rochester, New York",1927-07-28,08:20,control group,,Mars in Mercury domicile,,,,,,,,Uranus in Mars domicile,,,,,,Mars in 1st house with ASC,Mars aspect with ruler of 5 house,,,,5th house ruler in Sagittarius,0,1,0,0,"Mercury ruler of 1 in aspect with Venus ruler of 10, Venus ruler of 10 in 1 house",,Mercury ruler of 2 in aspect with Venus ruler of 10,,2,0,1,0,3,"Mercury (house 11, ruler of 1st house, 2th house) conjunct Pollux (orb 0°13′), Neptune (house 12, ruler of 7th house, 8th house) conjunct Alphard (orb 0°23′)",,,"Pollux, Alphard",OK
"Richelot, Louis-Gustave","Paris, France",1844-11-14,19:30,control group,,Mercury in Mars domicile,,,,,,Mercury in Pluto domicile,,Uranus in Mars domicile,Opposition (orb 5°05′),Pluto in Mars domicile,Square (orb 6°19′),,Mars in detriment,,Mars aspect with ruler of 10 house,Saturn in domicile,,,"10th house cusp in Pisces, 10th house ruler in Pisces, 10th house ruler in Aquarius",0,0,2,1,"Moon ruler of 1 in aspect with Jupiter ruler of 10, Jupiter planet of 10 house in aspect with Moon ruler of 1 house","Sun ruler of 2 in 5 house, Mercury planet of 5 house in aspect with Sun ruler of 2 house","Sun ruler of 2 in aspect with Jupiter ruler of 10, Sun ruler of 2 in aspect with Neptune ruler of 10, Jupiter planet of 10 house in aspect with Sun ruler of 2 house","Sun planet of 5 house in aspect with Jupiter ruler of 10 house, Sun planet of 5 house in aspect with Neptune ruler of 10 house, Mercury planet of 5 house in aspect with Jupiter ruler of 10 house, Mercury planet of 5 house in aspect with Neptune ruler of 10 house, Jupiter planet of 10 house in aspect with Sun planet of 5 house, Jupiter planet of 10 house in aspect with Mercury planet of 5 house",2,2,3,6,13,"Sun (house 5, ruler of 2th house, 3th house) conjunct Agena (orb 0°57′), Mercury (house 5, ruler of 4th house, 12th house) conjunct Agena (orb 0°20′)",,,"Agena, Agena",OK
"Trapp, Werner von","Zell am See, Austria",1915-12-21,20:30,control group,Trine (orb 2°57′),,,,,Mercury in Saturn domicile,Opposition (orb 0°13′),,,,Sextile (orb 3°10′),,Sextile (orb 2°40′),,,Mars aspect with ruler of 1st house,Mars aspect with ruler of 2 house,,,,"1st house ruler in Sagittarius, 5th house cusp in Sagittarius, 5th house ruler in Pisces",0,2,1,0,,"Mercury ruler of 2 in 5 house, Sun planet of 5 house in aspect with Mercury ruler of 2 house",,Jupiter ruler of 5 in aspect with Venus ruler of 10,0,2,0,1,3,"Mars (house 1, ruler of 4th house, 9th house) conjunct Regulus (orb 0°31′), Saturn (house 11, ruler of 6th house, 7th house) conjunct Canopus (orb 0°20′)",Regulus,,Canopus,OK
"Arens, Skye","Springfield, Vermont",1999-08-12,16:32,control group,,,,,,,,,Square (orb 3°00′),,,Mars in Pluto domicile,,,Mars in domicile,,Mars aspect with ruler of 2 house,,,"Saturn aspect with ruler of 2 house, Saturn in 5 house","1st house cusp in Sagittarius, 2nd house cusp in Aquarius, 2nd house ruler in Aquarius",0,1,0,2,Jupiter ruler of 1 in aspect with Venus ruler of 10,"Saturn ruler of 2 in 5 house, Saturn planet of 5 house in aspect with Uranus ruler of 2 house, Saturn planet of 5 house in aspect with Uranus planet of 2 house",,"Venus, ruler of both 5 and 10",1,3,0,1,5,"Neptune (house 2, ruler of 3th house) conjunct Altair (orb 0°44′)",,,Altair,OK
"Uggams, Leslie","New York, New York",1943-05-25,22:30,control group,Sextile (orb 1°08′),,Conjunction (orb 4°26′),Uranus in Mercury domicile,,Saturn in Mercury domicile,Sextile (orb 5°04′),,Sextile (orb 5°34′),,,,,,,,Mars aspect with ruler of 2 house,,Saturn ruler of 1st house,,"1st house ruler in Gemini, 2nd house cusp in Aquarius, 2nd house ruler in Gemini",2,0,0,1,,"Uranus ruler of 2 in 5 house, Sun planet of 5 house in aspect with Uranus ruler of 2 house, Mercury planet of 5 house in aspect with Uranus ruler of 2 house, Mercury planet of 5 house in aspect with Moon planet of 2 house",,"Venus, ruler of both 5 and 10",0,4,0,1,5,"Jupiter (house 7, ruler of 3th house, 12th house) conjunct Pollux (orb 0°27′)",,,Pollux,OK
"Modigliani, Jeanne","Nice, France",1918-11-29,20:05,control group,,,Sextile (orb 4°07′),,Trine (orb 0°02′),,,,,,,,,,Mars in exaltation,,,,,Saturn in 2 house,"1st house ruler in Sagittarius, 2nd house ruler in Sagittarius",0,2,0,0,,"Sun ruler of 2 in 5 house, Venus planet of 5 house in aspect with Sun ruler of 2 house, Mercury planet of 5 house in aspect with Saturn planet of 2 house",,"Mars, ruler of both 5 and 10",0,3,0,1,4,"Venus (house 5, ruler of 4th house, 11th house) conjunct Antares (orb 0°24′), Mars (house 6, ruler of 5th house, 10th house) conjunct Vega (orb 0°08′), Jupiter (house 12, ruler of 9th house) conjunct Canopus (orb 0°50′), Saturn (house 2, ruler of 6th house, 7th house, 8th house) conjunct Regulus (orb 0°33′)","Antares, Regulus",,"Vega, Canopus",OK
"Deluol, André","Valence, France",1909-08-27,21:30,control group,,,,,,,Square (orb 2°53′),Pluto in Mercury domicile,,,,,,,Mars in domicile,Mars aspect with ruler of 1st house,,,,,2nd house cusp in Gemini,1,0,0,0,,"Mercury ruler of 2 in 5 house, Jupiter planet of 5 house in aspect with Mercury ruler of 2 house, Mercury planet of 5 house in aspect with Pluto planet of 2 house",Pluto planet of 2 house in aspect with Saturn ruler of 10 house,,0,3,1,0,4,"Neptune (house 3, ruler of none) conjunct Castor (orb 0°28′), Pluto (house 2, ruler of 7th house) conjunct Betelgeuse (orb 0°46′)",,,"Castor, Betelgeuse",OK
"Pieters, Sven","Blankenberge, Belgium",1976-06-05,10:00,control group,,,,,Sextile (orb 4°40′),,,,,Uranus in Mars domicile,Sextile (orb 2°20′),,,,,Mars aspect with ruler of 1st house,"Mars aspect with ruler of 5 house, Mars aspect with ruler of 10 house",,,Saturn aspect with ruler of 2 house,"1st house ruler in Gemini, 5th house cusp in Sagittarius, 10th house ruler in Gemini",2,1,0,0,"Sun ruler of 1 in aspect with Venus ruler of 10, Venus planet of 10 house in aspect with Sun ruler of 1 house",Moon planet of 2 house in aspect with Jupiter ruler of 5 house,"Mercury ruler of 2 in 10 house, Moon planet of 2 house in aspect with Venus ruler of 10 house, Moon planet of 2 house in aspect with Venus planet of 10 house, Jupiter planet of 10 house in aspect with Moon planet of 2 house",Jupiter ruler of 5 in 10 house,2,1,4,1,8,"Mercury (house 10, ruler of 2th house, 11th house) conjunct Algol (orb 0°29′)",,,Algol,OK
"Gambineri, Annamaria","Rome, Italy",1936-03-22,07:20,control group,,,,,Conjunction (orb 0°56′),,,,,,Square (orb 3°08′),,,,Mars in domicile,Mars ruler of 1st house,,,,Saturn aspect with ruler of 2 house,"2nd house cusp in Gemini, 2nd house ruler in Pisces, 10th house ruler in Pisces",1,0,2,0,,,Mercury ruler of 2 in aspect with Saturn ruler of 10,,0,0,1,0,1,"Mercury (house 12, ruler of 2th house, 3th house, 6th house) conjunct Achernar (orb 0°14′), Saturn (house 12, ruler of 10th house, 11th house) conjunct Achernar (orb 0°41′), Pluto (house 4, ruler of none) conjunct Procyon (orb 0°18′)",,,"Achernar, Achernar, Procyon",OK
"Christensen, Haaken","Oslo, Norway",1924-02-16,18:40,control group,,,,Mercury in Uranus domicile,Square (orb 1°08′),Mercury in Saturn domicile,,,Square (orb 1°34′),,,,,,,,,,Saturn aspect with ruler of 1st house,Saturn aspect with ruler of 10 house,"1st house ruler in Aquarius, 10th house cusp in Gemini, 10th house ruler in Aquarius",1,0,0,2,"Mercury, ruler of both 1 and 10",Mercury planet of 5 house in aspect with Venus ruler of 2 house,"Venus ruler of 2 in aspect with Mercury ruler of 10, Moon planet of 10 house in aspect with Venus ruler of 2 house","Saturn ruler of 5 in aspect with Mercury ruler of 10, Mercury ruler of 10 in 5 house",1,1,2,2,6,,,,,OK
"Reedy, George","East Chicago, Indiana",1917-08-05,16:45,control group,Sextile (orb 0°56′),,,,,,Sextile (orb 0°04′),,,,Conjunction (orb 1°00′),,,Mars in Moon domicile,Mars in fall,,"Mars aspect with ruler of 5 house, Mars aspect with ruler of 10 house",,Saturn ruler of 1st house,,"2nd house cusp in Aquarius, 2nd house ruler in Aquarius",0,0,0,2,,Jupiter planet of 5 house in aspect with Saturn ruler of 2 house,,"Venus, ruler of both 5 and 10, Jupiter planet of 5 house in aspect with Venus ruler of 10 house",0,1,0,2,3,,,,,OK
"Claxton, William","Glendale (Los Angeles County), California",1927-10-12,06:45,control group,,Mercury in Mars domicile,,,,,Trine (orb 5°02′),Mercury in Pluto domicile,,Uranus in Mars domicile,Square (orb 3°52′),,,,Mars in detriment,,"Mars aspect with ruler of 2 house, Mars aspect with ruler of 10 house",,,"Saturn in 2 house, Saturn aspect with ruler of 5 house","5th house cusp in Pisces, 5th house ruler in Pisces",0,0,2,0,,"Saturn planet of 2 house in aspect with Neptune ruler of 5 house, Saturn planet of 2 house in aspect with Uranus planet of 5 house","Mars ruler of 2 in aspect with Sun ruler of 10, Pluto ruler of 2 in aspect with Sun ruler of 10, Neptune planet of 10 house in aspect with Saturn planet of 2 house",Neptune ruler of 5 in 10 house,0,2,3,1,6,"Neptune (house 10, ruler of 5th house) conjunct Regulus (orb 0°20′)",Regulus,,,OK
"Tallarico, Taj Monroe","Los Angeles, California",1992-01-30,09:53,control group,,,,Mercury in Uranus domicile,,"Mercury in Saturn domicile, Saturn in Mercury exaltation",,,Conjunction (orb 0°33′),,,Pluto in Mars domicile,,,Mars in exaltation,Mars ruler of 1st house,Mars in 10 house,Saturn in domicile,,Saturn aspect with ruler of 5 house,"5th house ruler in Aquarius, 10th house ruler in Aquarius",0,0,0,2,"Mars ruler of 1 in 10 house, Uranus planet of 10 house in aspect with Mars ruler of 1 house, Neptune planet of 10 house in aspect with Mars ruler of 1 house",,,Sun ruler of 5 in aspect with Saturn ruler of 10,3,0,0,1,4,"Mercury (house 10, ruler of 3th house, 6th house) conjunct Altair (orb 0°16′), Mars (house 10, ruler of 1st house, 8th house) conjunct Vega (orb 0°46′), Uranus (house 10, ruler of 11th house) conjunct Vega (orb 0°13′), Pluto (house 8, ruler of 8th house) conjunct Unukalhai (orb 0°48′), Pluto (house 8, ruler of 8th house) conjunct Agena (orb 0°55′)",,,"Altair, Vega, Vega, Unukalhai, Agena",OK
